{
    "key": "group_image_banner",
    "title": "Image Banner",
    "fields": [
        {
            "key": "field_image_banner_background",
            "label": "Banner Background Image",
            "name": "banner_background_image",
            "aria-label": "",
            "type": "image",
            "instructions": "Upload the image to use as the banner background. It will be displayed statically on all devices.",
            "required": 1,
            "conditional_logic": false,
            "wrapper": {
                "width": "",
                "class": "",
                "id": ""
            },
            "return_format": "url",
            "preview_size": "medium",
            "library": "all",
            "min_width": "",
            "min_height": "",
            "min_size": "",
            "max_width": "",
            "max_height": "",
            "max_size": "",
            "mime_types": "jpg, jpeg, png"
        }
    ],
    "location": [
        [
            {
                "param": "page_template",
                "operator": "==",
                "value": "inquiry-page.php"
            }
        ]
    ],
    "menu_order": 5,
    "position": "normal",
    "style": "default",
    "label_placement": "top",
    "instruction_placement": "label",
    "hide_on_screen": "",
    "active": true,
    "description": "",
    "show_in_rest": 0,
    "display_title": "",
    "modified": 1762471651
}
