{
    "key": "group_project_slider_section",
    "title": "Project Slider Sections",
    "fields": [
        {
            "key": "field_6909194f4a839",
            "label": "",
            "name": "",
            "aria-label": "",
            "type": "tab",
            "instructions": "",
            "required": 0,
            "conditional_logic": 0,
            "wrapper": {
                "width": "",
                "class": "",
                "id": ""
            },
            "placement": "left",
            "endpoint": 0,
            "selected": 0
        },
        {
            "key": "field_project_slider_sections",
            "label": "Project Slider Sections",
            "name": "project_slider_sections",
            "aria-label": "",
            "type": "repeater",
            "instructions": "Use this repeater to add one or more Project Slider Sections to the page.",
            "required": 0,
            "conditional_logic": false,
            "wrapper": {
                "width": "",
                "class": "",
                "id": ""
            },
            "layout": "row",
            "min": 0,
            "max": 0,
            "rows_per_page": 20,
            "button_label": "Add New Section",
            "collapsed": "field_project_slider_title",
            "sub_fields": [
                {
                    "key": "field_project_slider_title",
                    "label": "Section Title",
                    "name": "project_slider_title",
                    "aria-label": "",
                    "type": "text",
                    "instructions": "The main title displayed above the project slider.",
                    "required": 1,
                    "conditional_logic": false,
                    "wrapper": {
                        "width": "",
                        "class": "",
                        "id": ""
                    },
                    "default_value": "OUR PROJECTS",
                    "maxlength": "",
                    "placeholder": "",
                    "prepend": "",
                    "append": "",
                    "parent_repeater": "field_project_slider_sections"
                },
                {
                    "key": "field_project_items",
                    "label": "Project Items",
                    "name": "project_items",
                    "aria-label": "",
                    "type": "post_object",
                    "instructions": "Select the portfolio projects to display in the slider. You can filter by category.",
                    "required": 0,
                    "conditional_logic": 0,
                    "wrapper": {
                        "width": "",
                        "class": "",
                        "id": ""
                    },
                    "post_type": [
                        "portfolio"
                    ],
                    "post_status": "",
                    "taxonomy": "",
                    "return_format": "object",
                    "multiple": 1,
                    "allow_null": 0,
                    "allow_in_bindings": 0,
                    "bidirectional": 0,
                    "ui": 1,
                    "bidirectional_target": [],
                    "parent_repeater": "field_project_slider_sections"
                }
            ]
        }
    ],
    "location": [
        [
            {
                "param": "page",
                "operator": "==",
                "value": "10"
            }
        ],
        [
            {
                "param": "page",
                "operator": "==",
                "value": "16"
            }
        ],
        [
            {
                "param": "post_type",
                "operator": "==",
                "value": "portfolio"
            }
        ],
        [
            {
                "param": "page_template",
                "operator": "==",
                "value": "packages-page.php"
            }
        ]
    ],
    "menu_order": 5,
    "position": "normal",
    "style": "default",
    "label_placement": "top",
    "instruction_placement": "label",
    "hide_on_screen": "",
    "active": true,
    "description": "Project slider section configuration.",
    "show_in_rest": 0,
    "display_title": "",
    "modified": 1764446025
}
