{
    "key": "group_studio_intro_section",
    "title": "Studio Intro Section",
    "fields": [
        {
            "key": "field_studio_intro_subtitle",
            "label": "Subtitle",
            "name": "studio_intro_subtitle",
            "aria-label": "",
            "type": "text",
            "instructions": "Small uppercase text above the main title (e.g., 'OUR STUDIO')",
            "required": 0,
            "conditional_logic": 0,
            "wrapper": {
                "width": "",
                "class": "",
                "id": ""
            },
            "default_value": "OUR STUDIO",
            "maxlength": "",
            "placeholder": "Enter subtitle text",
            "prepend": "",
            "append": ""
        },
        {
            "key": "field_studio_intro_title",
            "label": "Main Title",
            "name": "studio_intro_title",
            "aria-label": "",
            "type": "text",
            "instructions": "The main title for the section",
            "required": 1,
            "conditional_logic": 0,
            "wrapper": {
                "width": "",
                "class": "",
                "id": ""
            },
            "default_value": "Crafting Beautiful Experiences",
            "maxlength": "",
            "placeholder": "Enter main title",
            "prepend": "",
            "append": ""
        },
        {
            "key": "field_studio_intro_description",
            "label": "Description",
            "name": "studio_intro_description",
            "aria-label": "",
            "type": "wysiwyg",
            "instructions": "Main description text that appears below the title",
            "required": 0,
            "conditional_logic": 0,
            "wrapper": {
                "width": "",
                "class": "",
                "id": ""
            },
            "default_value": "",
            "tabs": "all",
            "toolbar": "basic",
            "media_upload": 0,
            "delay": 0
        },
        {
            "key": "field_studio_intro_button",
            "label": "CTA Button",
            "name": "studio_intro_button",
            "aria-label": "",
            "type": "link",
            "instructions": "Call-to-action button",
            "required": 0,
            "conditional_logic": 0,
            "wrapper": {
                "width": "",
                "class": "",
                "id": ""
            },
            "return_format": "array"
        }
    ],
    "location": [
        [
            {
                "param": "page",
                "operator": "==",
                "value": "10"
            }
        ],
        [
            {
                "param": "page_template",
                "operator": "==",
                "value": "inquiry-page.php"
            }
        ]
    ],
    "menu_order": 3,
    "position": "normal",
    "style": "default",
    "label_placement": "left",
    "instruction_placement": "label",
    "hide_on_screen": "",
    "active": true,
    "description": "Centered text section with optional CTA button",
    "show_in_rest": 0,
    "display_title": "",
    "modified": 1764445983
}
