{
    "key": "group_accordion",
    "title": "Image & Accordion Sections",
    "fields": [
        {
            "key": "field_690963f5e912a",
            "label": "",
            "name": "",
            "aria-label": "",
            "type": "tab",
            "instructions": "",
            "required": 0,
            "conditional_logic": 0,
            "wrapper": {
                "width": "",
                "class": "",
                "id": ""
            },
            "placement": "left",
            "endpoint": 0,
            "selected": 0
        },
        {
            "key": "field_accordion_sections",
            "label": "Accordion Sections",
            "name": "accordion_sections",
            "aria-label": "",
            "type": "repeater",
            "instructions": "Use this repeater to add one or more Image and Accordion content blocks.",
            "required": 0,
            "conditional_logic": 0,
            "wrapper": {
                "width": "",
                "class": "",
                "id": ""
            },
            "layout": "block",
            "pagination": 0,
            "min": 0,
            "max": 0,
            "collapsed": "field_section_title",
            "button_label": "Add New Accordion Section",
            "rows_per_page": 20,
            "sub_fields": [
                {
                    "key": "field_693248e356a50",
                    "label": "",
                    "name": "",
                    "aria-label": "",
                    "type": "tab",
                    "instructions": "",
                    "required": 0,
                    "conditional_logic": 0,
                    "wrapper": {
                        "width": "",
                        "class": "",
                        "id": ""
                    },
                    "placement": "left",
                    "endpoint": 0,
                    "selected": 0,
                    "parent_repeater": "field_accordion_sections"
                },
                {
                    "key": "field_section_title",
                    "label": "Section Title (Large)",
                    "name": "section_title",
                    "aria-label": "",
                    "type": "text",
                    "instructions": "The main title displayed on the right\/left content area.",
                    "required": 1,
                    "conditional_logic": 0,
                    "wrapper": {
                        "width": "50",
                        "class": "",
                        "id": ""
                    },
                    "default_value": "",
                    "maxlength": "",
                    "placeholder": "",
                    "prepend": "",
                    "append": "",
                    "parent_repeater": "field_accordion_sections"
                },
                {
                    "key": "field_layout_orientation",
                    "label": "Layout Orientation",
                    "name": "layout_orientation",
                    "aria-label": "",
                    "type": "select",
                    "instructions": "Choose the layout direction for the image and text columns.",
                    "required": 1,
                    "conditional_logic": 0,
                    "wrapper": {
                        "width": "50",
                        "class": "",
                        "id": ""
                    },
                    "choices": {
                        "left-image": "Image Left \/ Text Right",
                        "right-image": "Image Right \/ Text Left"
                    },
                    "default_value": "left-image",
                    "allow_null": 0,
                    "multiple": 0,
                    "ui": 0,
                    "return_format": "value",
                    "placeholder": "",
                    "ajax": 0,
                    "create_options": 0,
                    "save_options": 0,
                    "parent_repeater": "field_accordion_sections"
                },
                {
                    "key": "field_section_image",
                    "label": "Section Image",
                    "name": "section_image",
                    "aria-label": "",
                    "type": "image",
                    "instructions": "The main image for this section.",
                    "required": 1,
                    "conditional_logic": 0,
                    "wrapper": {
                        "width": "30",
                        "class": "",
                        "id": ""
                    },
                    "return_format": "array",
                    "preview_size": "medium",
                    "library": "all",
                    "min_width": "",
                    "min_height": "",
                    "min_size": "",
                    "max_width": "",
                    "max_height": "",
                    "max_size": "",
                    "mime_types": "",
                    "parent_repeater": "field_accordion_sections"
                },
                {
                    "key": "field_section_description",
                    "label": "Short Description",
                    "name": "section_description",
                    "aria-label": "",
                    "type": "wysiwyg",
                    "instructions": "A brief description displayed above the main accordion items.",
                    "required": 0,
                    "conditional_logic": 0,
                    "wrapper": {
                        "width": "70",
                        "class": "",
                        "id": ""
                    },
                    "default_value": "",
                    "allow_in_bindings": 0,
                    "tabs": "all",
                    "toolbar": "full",
                    "media_upload": 1,
                    "delay": 0,
                    "parent_repeater": "field_accordion_sections"
                },
                {
                    "key": "field_69334aff89a98",
                    "label": "Quote",
                    "name": "quote",
                    "aria-label": "",
                    "type": "text",
                    "instructions": "",
                    "required": 0,
                    "conditional_logic": 0,
                    "wrapper": {
                        "width": "",
                        "class": "",
                        "id": ""
                    },
                    "default_value": "",
                    "maxlength": "",
                    "allow_in_bindings": 0,
                    "placeholder": "",
                    "prepend": "",
                    "append": "",
                    "parent_repeater": "field_accordion_sections"
                },
                {
                    "key": "field_accordion_items",
                    "label": "Accordion Items",
                    "name": "accordion_items",
                    "aria-label": "",
                    "type": "repeater",
                    "instructions": "Add the individual collapsible items.",
                    "required": 1,
                    "conditional_logic": 0,
                    "wrapper": {
                        "width": "",
                        "class": "",
                        "id": ""
                    },
                    "layout": "row",
                    "min": 1,
                    "max": 0,
                    "rows_per_page": 20,
                    "button_label": "Add Item",
                    "collapsed": "field_item_title",
                    "sub_fields": [
                        {
                            "key": "field_item_title",
                            "label": "Item Title",
                            "name": "item_title",
                            "aria-label": "",
                            "type": "text",
                            "instructions": "The title of the accordion panel (always visible).",
                            "required": 1,
                            "conditional_logic": 0,
                            "wrapper": {
                                "width": "50",
                                "class": "",
                                "id": ""
                            },
                            "default_value": "",
                            "maxlength": "",
                            "placeholder": "",
                            "prepend": "",
                            "append": "",
                            "parent_repeater": "field_accordion_items"
                        },
                        {
                            "key": "field_item_content",
                            "label": "Item Content",
                            "name": "item_content",
                            "aria-label": "",
                            "type": "wysiwyg",
                            "instructions": "The content displayed when the accordion is open.",
                            "required": 1,
                            "conditional_logic": 0,
                            "wrapper": {
                                "width": "50",
                                "class": "",
                                "id": ""
                            },
                            "default_value": "",
                            "tabs": "all",
                            "toolbar": "basic",
                            "media_upload": 0,
                            "delay": 0,
                            "parent_repeater": "field_accordion_items"
                        }
                    ],
                    "parent_repeater": "field_accordion_sections"
                }
            ]
        }
    ],
    "location": [
        [
            {
                "param": "page_template",
                "operator": "==",
                "value": "packages-page.php"
            }
        ]
    ],
    "menu_order": 4,
    "position": "normal",
    "style": "default",
    "label_placement": "top",
    "instruction_placement": "label",
    "hide_on_screen": "",
    "active": true,
    "description": "Image and Accordion content sections.",
    "show_in_rest": 0,
    "display_title": "",
    "modified": 1764969255
}
